coverRef,year,actCategory,totalClaimPaid,limit,overLimit
sub_JSQboCecJMykVb-642098100264850,2021.0,ACCIDENT,1305.2,1000.0,305.20000000000005
sub_JhP79RdcZ7katc-250269590456576,2021.0,PREVENTION,36.9,0.0,36.9
sub_KE0ovKjw9L5aWM-250268743963582,2021.0,PREVENTION,136.4,100.0,36.400000000000006
